Cargo Buscado,Localização,Link da Vaga
programador,rio de janeiro,"https://br.indeed.com/empregos-de-Programador-Home-Office-Home-Office-em-Rio-de-Janeiro,-RJ"
programador,rio de janeiro,"https://br.indeed.com/q-programador-de-produ%C3%A7%C3%A3o-l-rio-de-janeiro,-rj-vagas.html"
programador,rio de janeiro,"https://br.indeed.com/q-programador-de-rota-l-rio-de-janeiro,-rj-vagas.html"
programador,rio de janeiro,"https://br.indeed.com/q-programador-est%C3%A1gio-l-rio-de-janeiro,-rj-vagas.html"
programador,rio de janeiro,"https://br.indeed.com/q-programador-java-l-rio-de-janeiro,-rj-vagas.html"
programador,rio de janeiro,"https://br.indeed.com/q-programador-javascript-l-rio-de-janeiro,-rj-vagas.html"
programador,rio de janeiro,"https://br.indeed.com/q-programador-junior-l-rio-de-janeiro,-rj-vagas.html"
programador,rio de janeiro,"https://br.indeed.com/q-programador-l-barra-da-tijuca,-rj-vagas.html"
programador,rio de janeiro,"https://br.indeed.com/q-programador-l-nova-igua%C3%A7u,-rj-vagas.html"
programador,rio de janeiro,"https://br.indeed.com/q-programador-l-rio-de-janeiro,-rj-vagas.html"
programador,rio de janeiro,"https://br.indeed.com/q-programador-l-taquara,-rj-vagas.html"
programador,rio de janeiro,"https://br.indeed.com/q-programador-php-l-rio-de-janeiro,-rj-vagas.html"
programador,rio de janeiro,"https://br.indeed.com/q-programador-r$20-100-l-barra-da-tijuca,-rj-vagas.html"
programador,rio de janeiro,"https://br.indeed.com/q-programador-sistemas-l-rio-de-janeiro,-rj-vagas.html"
programador,rio de janeiro,"https://br.indeed.com/q-programador-web-l-barra-da-tijuca,-rj-vagas.html"
programador,rio de janeiro,"https://br.indeed.com/q-programador-web-l-duque-de-caxias,-rj-vagas.html"
programador,rio de janeiro,"https://br.indeed.com/q-programador-web-l-rio-de-janeiro,-rj-vagas.html"
programador,rio de janeiro,"https://br.indeed.com/q-vaga-programador-junior-l-rio-de-janeiro,-rj-vagas.html"
programador,rio de janeiro,https://br.linkedin.com/jobs/desenvolvedor-python-vagas-rio-de-janeiro-e-regi%C3%A3o
programador,rio de janeiro,https://br.linkedin.com/jobs/est%C3%A1gio-de-programa%C3%A7%C3%A3o-vagas-rio-de-janeiro-e-regi%C3%A3o
programador,rio de janeiro,https://br.linkedin.com/jobs/jr-developer-vagas-rio-de-janeiro
programador,rio de janeiro,https://br.linkedin.com/jobs/programador-de-php-vagas-rio-de-janeiro
programador,rio de janeiro,https://br.linkedin.com/jobs/programador-de-php-vagas-rio-de-janeiro?position=1&pageNum=0
programador,rio de janeiro,https://br.linkedin.com/jobs/programador-vagas-rio-de-janeiro
programador,rio de janeiro,https://br.linkedin.com/jobs/programador-vagas-rio-de-janeiro-e-regi%C3%A3o
programador,rio de janeiro,https://br.linkedin.com/jobs/programador-web-vagas-rio-de-janeiro
programador,rio de janeiro,"https://www.glassdoor.com.br/Vaga/programador-vagas-SRCH_KO0,11.htm"
programador,rio de janeiro,"https://www.glassdoor.com.br/Vaga/rio-de-janeiro-desenvolvedor-j%C3%BAnior-vagas-SRCH_IL.0,14_IC2402386_KO15,35.htm"
programador,rio de janeiro,"https://www.glassdoor.com.br/Vaga/rio-de-janeiro-desenvolvedor-junior-vagas-SRCH_IL.0,14_IC2402386_KO15,35.htm"
programador,rio de janeiro,"https://www.glassdoor.com.br/Vaga/rio-de-janeiro-desenvolvedor-python-vagas-SRCH_IL.0,14_IC2402386_KO15,35.htm"
programador,rio de janeiro,"https://www.glassdoor.com.br/Vaga/rio-de-janeiro-programador-a-vagas-SRCH_IL.0,14_IC2402386_KO15,28.htm"
programador,rio de janeiro,"https://www.glassdoor.com.br/Vaga/rio-de-janeiro-programador-de-python-vagas-SRCH_IL.0,14_IC2402386_KO15,36.htm"
programador,rio de janeiro,"https://www.glassdoor.com.br/Vaga/rio-de-janeiro-programador-java-vagas-SRCH_IL.0,14_IC2402386_KO15,31.htm"
programador,rio de janeiro,"https://www.glassdoor.com.br/Vaga/rio-de-janeiro-programador-vagas-SRCH_IL.0,14_IC2402386_KO15,26.htm"
programador,rio de janeiro,"https://www.glassdoor.com.br/Vaga/rj-est%C3%A1gio-em-programa%C3%A7%C3%A3o-vagas-SRCH_IL.0,2_IS3931_KO3,25.htm"
programador,rio de janeiro,"https://www.glassdoor.com.br/Vaga/tijuca-est%C3%A1gio-em-programador-vagas-SRCH_IL.0,6_IC2403494_KO7,29.htm"
programador,rio de janeiro,https://www.vagas.com.br/vagas-de-programador-em-rio-de-janeiro
programador,rio de janeiro,https://www.vagas.com.br/vagas-de-programador-java-em-rio-de-janeiro
programador,rio de janeiro,https://www.vagas.com.br/vagas-de-programador-web-em-rio-de-janeiro
programador,rio de janeiro,https://www.vagas.com.br/vagas-de-vaga-para-programador-em-rio-de-janeiro?b%5B%5D=Vale-transporte&e%5B%5D=Rio+de+Janeiro&m%5B%5D=Empresa+e+Home+Office
